Title, Author
Ocean Indyjski 1942 (miękka), Michał A. Piegzik
Mój mały świat Na Księżyc (twarda), PRACA ZBIOROWA
100 pierwszych słów Wieś (twarda), PRACA ZBIOROWA
Egzystencja, metafizyka i kultura w pisarstwie Kazimierza Świegockiego (miękka), Robert Mielhorski, Dorota Utracka
Mój mały świat W mieście (twarda), PRACA ZBIOROWA
Technika opatrywania i unieruchamiania urazów u małych zwierząt (miękka), PRACA ZBIOROWA
Nazistowskie bestie. Kaci z SS (miękka), Jesus Hernandez
Zarządzanie rozwojem współczesnych miast (twarda), Justyna Danielewicz, Dorota Sikora-Fernandez
Gringo wśród dzikich plemion (pocket), Wojciech Cejrowski
Odwet (twarda), Vincent V. Severski
O nie, Dudusiu! (twarda), Chris Haughton
Płonąca namiętność (miękka), K. Bromberg
Zanim umarłam (miękka), S.K. Tremayne
Rodzic najlepszy pod słońcem (miękka), Edyta Zając
Ryszard Czajkowski Podróżnik od zawsze (miękka), Dagmara Bożek-Andryszczak
Symmachia cesarstwa rzymskiego z Bogiem chrześcijan (IV-VI wiek) (miękka), Sławomir Bralewski
Ochrona danych osobowych (miękka), Jacek Gołaczyński, Kinga Flaga-Gieruszyńska
Romans po brytyjsku (miękka), Vi Keeland, Penelope Ward
HR na zakręcie (miękka), Beata Jamka
Integralność prawa administracyjnego (twarda), Jan Aleksander Zimmermann
Great (twarda), Tina Oziewicz
Niewyjaśnione tajemnice II wojny światowej / Ściśle tajne w II wojnie światowej (pakiet), William Breuer
Aktualna problematyka ustrojowa samorządu terytorialnego w świetle orzecznictwa sądowego (miękka), Tomasz Brzezicki, Jacek Wantoch-Rekowski
Równowaga praw i obowiązków implikacją zasady dobra wspólnego (miękka), Piotr Zamelski
Oblicza Niepodległej (miękka), PRACA ZBIOROWA
Diabelskie nasienie (miękka), Edward Lee
Wyrywacz rogów (miękka), Edward Lee
Bądź piękna jak Kleopatra (miękka), Sandra Czeszejko-Sochacka
Gabinety i ogrody (miękka), Aleksandra Jakóbczyk-Gola
Iran śladami polskich uchodźców (twarda), Radosław Fiedler
Zimna fala (miękka), Jarosław Klonowski
Piłsudski (nie)znany. Historia i popkultura (miękka), PRACA ZBIOROWA
Zabytki Ziemi Gdańskej (miękka), PRACA ZBIOROWA
Autorytet demokracji (miękka), David M. Estlund
Potępiona (miękka), Bartłomiej Fitas
Recepcja poezji ukraińskiej przez pisarzy lubelskiego środowiska literackiego w okresie międzywojennym (miękka), Anna Choma-Suwała
Zrządzenie losu (miękka), Mikołaj Wyrzykowski
Nowe technologie na rynku srebrnych konsumentów (miękka), Ewa Frąckiewicz
Jeden tydzień rewolucji kulinarnych (miękka), Sandra Czeszejko-Sochacka
Święto języka (miękka), Paweł Majewski
Niebezpieczne kosmetyki (miękka), MARION SCHIMMELPFENNING
Sekrety odżywiania według szeptuch (miękka), Vadim Tschenze
W świecie bibliologii i informatologii (miękka), Tomasz Kruszewski, Małgorzata Fedorowicz-Kruszewska, Magdalena J. Cyrklaff-Gorczyca
Koła zębate (miękka), Akutagawa Ryunosuke
Perłopław na piasku (twarda), Stanisław Grochowiak
Aru shah i pieśń śmierci (miękka), Roshani Chokshi
Wegetariańska dieta Fodmap (miękka), Sofia Antonsson
Pejzaż gnojnej góry (twarda), Stanisław Swen Czachorowski
Introwertyzm (miękka), Karin Ackermann-Stoletzky
Z Czadem w Bieszczadach (miękka), Magdalena Prekiel
Elementarz Żyrafki Hani (miękka), Ewelina Grzankowska
Dieta dla zdrowia (miękka), Krystyna Dajka
Dieta dla zdrowia (miękka), Krystyna Dajka
Pierwszy Glina (miękka), Andrzej W. Sawicki
Elementarz z Sową (miękka), Ewelina Grzankowska
Portugalia Przewodnik (miękka), PRACA ZBIOROWA
Ateny i wyspy greckie Przewodnik (miękka), PRACA ZBIOROWA
Izrael przewodnik (miękka), PRACA ZBIOROWA
Islandia Przewodnik (miękka), PRACA ZBIOROWA
Peru Zielony przewodnik (miękka), PRACA ZBIOROWA
Żółty krokus (miękka), LAILA IBRAHIM
Gruzja Przewodnik (miękka), PRACA ZBIOROWA
Usa część południowo-zachodnia Zielony przewodnik (miękka), PRACA ZBIOROWA
Szantaż (pocket), Semb Jeanette
Mój pierwszy elementarz (miękka), Monika Matusiak
Elementarz z Dinozaurem (miękka), Monika Matusiak
Czarnogóra Przewodnik (miękka), PRACA ZBIOROWA
39 i 41 dywizja piechoty (miękka), PRACA ZBIOROWA
Korea południowa Zielony przewodnik (miękka), PRACA ZBIOROWA
Samoloty pasażerskie świata. Tupolew tu-134 (miękka), PRACA ZBIOROWA
Atak na sieć okiem hakera (miękka), James Forshaw
Uczę się i bawię ze słoniem Franiem (miękka), Ewelina Grzankowska
Deresz z Parkowej Stajni. Przyjaciel w potrzebie (miękka), Olivia Tuffin
Bazanek i szczerbaty uśmiech losu (twarda), Monika Krauze
Łamigłówki Mądry dzieciak (miękka), Katarzyna Zioła-Zemczak
Zew nicości (miękka), Maxime Chattam
Quizy Mądry dzieciak (miękka), Katarzyna Zioła-Zemczak
Spot, gdzie się schowało pięć żabek? (twarda), Eric Hill
Dziewczynka, która zgubiła uśmiech (miękka), Miranda Hart
Spot, gdzie są żółte kurczaczki? (twarda), Eric Hill
Idealny jak diabli (miękka), S.C. Alekto
Inżynieria oceny efektywności sieci dostaw (miękka), Ilona Jacyna-Gołda
O żużlu i wokół żużla (miękka), PRACA ZBIOROWA
Noc w operze (miękka), Antoni Jerzy Hartman
Bóle głowy - przypadki kliniczne (miękka), Izabela Domitrz, Marcin Straburzyński
Python na poważnie (miękka), Julien Danjou
Chory na nowotwór (miękka), Jarosław Woroń
Rak piersi w codziennej praktyce lekarza (miękka), PRACA ZBIOROWA
Architektura zespołu Politechniki Gdańskiej 1904-2018 (twarda), Jakub Szczepański
Ciemna droga powrotna (miękka), Abel Murcia
Wielkie rozpustnice w historii (miękka), AGNES GROSSMANN
Wymarzony mężczyzna (miękka), Kristen Ashley
Biblia Excela dla księgowych 3.0 (miękka), Rafał Janus
Polityka rachunkowości 2019 (miękka), Katarzyna Trzpioła
Dwory na Suwalszczyźnie (twarda), Andrzej Matusiewicz
Polskie meble gięte (miękka), Joanna Wojciechowska-Kucięba
Bambrowanka Kolorowanka bamberska (miękka), Maja Rausch
Sądowe postępowanie egzekucyjne w sprawach cywilnych (twarda), Andrzej Marciniak
Idee i formy Studia i szkice o Norwidzie (miękka), Marek Buś
Leczenie biologiczne a prawa pacjenta (miękka), Marek Świerczyński
Regulacje prawne w systemie ochrony zdrowia psychicznego (miękka), Błażej Kmieciak
Back Roads Great Britain Travel Guide / Boczne drogi Wielkiej Brytanii Przewodnik (miękka), PRACA ZBIOROWA
Co robisz z problemem? (twarda), Kobi Yamada, Mae Besom
Fortnite Bez Tajemnic (miękka), PRACA ZBIOROWA
Rozkwitania (miękka), Anna Mila Milewska
Opowieści o przyjaźni (twarda), Aniela Cholewińska-Szkolik, Agnieszka Filipowska
Bal u pirata Łupiskóry (miękka), Czesław Helak
Testosteron Rex (miękka), Cordelia Fine
Uczenie maszynowe z językiem JavaScript (miękka), Burak Kanber
Sekrety cyfrowej ciemni Scotta Kelby`ego (miękka), Scott Kelby
Pismo Święte Stary i Nowy Testament (twarda), PRACA ZBIOROWA
Rafcio Śrubka Kraina wynalazków Robozuchy w akcji (miękka), PRACA ZBIOROWA
Tragiczny finał (pocket), May Lis Ruus
Zgaduj i naklejaj z modelkami (miękka), PRACA ZBIOROWA
Koloruj i baw się - ze zwierzętami (miękka), PRACA ZBIOROWA
Koloruj i baw się - z pojazdami (miękka), PRACA ZBIOROWA
Istota zła (twarda), Luca D`Andrea
Koloruj i baw się - z piratami (miękka), PRACA ZBIOROWA
Ciemność (miękka), Yedda Morrison
Barbarossa 1941 vol. III 323 (miękka), Jacek Domański
Zgaduj i naklejaj z baletnicami (miękka), PRACA ZBIOROWA
Wielka Księga Dinozaurów (twarda), PRACA ZBIOROWA
Czołgi Mussoliniego. Tank Power vol. XXIX 253 (miękka), Janusz Ledwoch
Obudź się Wilson Stacyjkowo. Ruszać czas! (miękka), PRACA ZBIOROWA
C.V. 33/35. Tank Power vol. LXXXIX 330 (miękka), Janusz Ledwoch
Rentgenogramy poziom podstawowy, PRACA ZBIOROWA
Flammpanzer. Tank Power vol. LVI 285 (miękka), Janusz Ledwoch
Nashorn. Tank Power vol. XCIII 334 (miękka), PRACA ZBIOROWA
Techniki organizatorskie w zarządzaniu projektami informatycznymi (miękka), PRACA ZBIOROWA
Bestie (miękka), Barbara Mikulska
Kubernetes (miękka), Kelsey Hightower, Berndan Burns, Joe Beda
Mikroekonomia relacji czynników produkcji w rolnictwie (twarda), Włodzimierz Rembisz, Agnieszka Bezat-Jarzębowska
Koty, kotki, koteczki - 38 naklejek (miękka), PRACA ZBIOROWA
Dzikie zwierzęta - 38 naklejek (miękka), PRACA ZBIOROWA
Psy, pieski, pieseczki - 38 naklejek (miękka), PRACA ZBIOROWA
IS vol. III. Tank Power vol. LXXII 306 (miękka), Janusz Ledwoch
Pismo Święte Starego i Nowego Testamentu, Biblia Tysiąclecia (twarda), PRACA ZBIOROWA
Zwierzęta z zagrody - 38 naklejek (miękka), PRACA ZBIOROWA
Pismo Święte Starego i Nowego Testamentu (twarda), PRACA ZBIOROWA
Biblia dla dzieci (biała) (twarda), PRACA ZBIOROWA
Kod śmierci (miękka), Zbigniew Wojtasiński
Pismo Święte Starego i Nowego Testamentu z paginatorami (czarne) (skóropodobna), PRACA ZBIOROWA
Hotel Transylwania 3 Potworne zabawy i kolorowanki (miękka), PRACA ZBIOROWA
Pismo Święte Starego i Nowego Testamentu, Biblia Tysiąclecia (twarda), PRACA ZBIOROWA
Dialog 2019/05 Bici po łapach walą w drzwi, PRACA ZBIOROWA
Pismo Święte Nowego Testamentu (skóropodobna), PRACA ZBIOROWA
Oblężenie (miękka), Geraint Jones
Model biznesu sieci przedsiębiorstw (miękka), Marian Oliński
Święta Faustyna (miękka), PRACA ZBIOROWA
Święta Jadwiga Królowa (miękka), PRACA ZBIOROWA
Biblia dla naszych dzieci (twarda), PRACA ZBIOROWA
Protokoły konferencji polskich ojców soborowych (miękka), Michał Białkowski
Rysopis kapłana (miękka), PRACA ZBIOROWA
Biblia dla dzieci (twarda), PRACA ZBIOROWA
Ocaleni z zagłady (miękka), Grzegorz Pawłowski
Sacrum i profanum (miękka), Marek Alfred Wierzbicki
Myśl Johna Henry`ego Newmana (miękka), Jean Honore
Biblia Aramejska Księga Wyjścia (miękka), Mirosław S. Wróbel
Kultura - Litwa Wspólny wiek dwudziesty (twarda), PRACA ZBIOROWA
Leonia Martin (miękka), Dominique Menvielle
Trzydzieści kopert (miękka), Ewa Mielczarek
Miłośnicy Melpomeny (miękka), PRACA ZBIOROWA
Malbork Zamek z bliska i z daleka Mapa (miękka), PRACA ZBIOROWA
Sopot. Kolorowy portret miasta (miękka), Krzysztof Wiśniewski, Joanna Myjak
Gringo wśród dzikich plemion (pocket), Wojciech Cejrowski
Zgodnie z prawem przeciwko obywatelom, Jacek Barcikowski
Gringo wśród dzikich plemion (pocket), Wojciech Cejrowski
Jak oswoić globalne ocieplenie (miękka), Tomasz J. dr Szczęsny
Gdańsk Widok miasta i jego zabytki Mapa (miękka), PRACA ZBIOROWA
Podobne, a tak różne życie... (miękka), PRACA ZBIOROWA
59 kluczy do zrozumienia zagadki życia (miękka), Jan Kubań
Berlin Plan miasta Panorama (miękka), PRACA ZBIOROWA
Dziecko z darów (miękka), Justyna Bargielska
Na skrzydłach Aniołów (miękka), Halina Socha
Przygody Piotrusia na pirackiej wyspie skarbów (miękka), Zbigniew Szymański
Ścigana (pocket), Tess Gerritsen
Zespół takotsubo (twarda), PRACA ZBIOROWA
Naruszenie miru domowego (miękka), Marek Mozgawa
Fałszywy krok (pocket), Alex Kava
Polska (twarda), Christian (zdjęcia) Parma, Wojciech (tekst) Giełżyński
Macierzyństwo (twarda), Bartłomiej Oszkinis
Tuż obok życia (miękka), Anna Pawlikowska
Suchą szosa szła szczypawka (miękka), Krzysztof Kiełbasiński
Moon machine (miękka), Adam Zdrodowski
Tamta dziewczyna (pocket), Erica Spindler
Listy Ojca Pio (twarda), Ojciec Pio, Joanna Piestrak
Chrząszcz brzmi w trzcinie (miękka), Krzysztof Kiełbasiński
Psi Patrol. Naklejaj raz po raz. Kto odszuka żółwie? (miękka), PRACA ZBIOROWA
Ziarna, pestki, orzechy, czyli te niesamowite nasiona (twarda), Szymon Jastrzębowski
Dojrzałość wzruszeń (miękka), Alicja Masłowska-Burnos
Pomiędzy (miękka), Dariusz Pado
Metamorfoza (miękka), Jakub Szczepański
Pidżamersi. Najklejaj raz po raz. Kto ocali świat? (miękka), PRACA ZBIOROWA
Dragons. Naklejej raz po raz. Na koniec świata (miękka), PRACA ZBIOROWA
Literatura & etnologia (miękka), Eugenia Prokop-Janiec
Świnka Peppa. Skarby ze starychu (twarda), PRACA ZBIOROWA
Jacek Cygan (miękka), Tadeusz Nyczek
Psi Patrol. Wielkie Zawody (twarda), PRACA ZBIOROWA
Mała encyklopedia piwowarska (twarda), Sławomir Dryja, Stanisław Sławiński
Pidżamersi. Na ratunek pupilom (twarda), PRACA ZBIOROWA
Pizza Polska (miękka), GrUpKa
W bałkańskim kociołku (twarda), Bożenna Iliev
Zakazana psychologia (miękka), Tomasz Witkowski
L.O.L Supririse! Naklejej raz po raz. Modne zabawy (miękka), PRACA ZBIOROWA
Cedyno (miękka), Melissa Darwood
Włoskie lato (miękka), Carrie Elks
Jelenia Góra Przewodnik ilustrowany z mapami (miękka), PRACA ZBIOROWA
Shih tzu - anioł nie pies, Marta Paszkiewicz
Przeżyłem własną śmierć (miękka), Jan Zac
U księżnej pani (miękka), Stanisław Wasylewski
Insulinooprność. Dieta dla zdrowia (miękka), Dorota Drozd
Nowy Testament grecki i polski (twarda), PRACA ZBIOROWA
Liberalizm to nie wolność (miękka), Jakub Wozinski
Jak samemu przepowiadać pogodę (miękka), Zbigniew Przybylak
Moje pierwsze boje (miękka), Józef Piłsudski
Kronos 2/2018 (miękka), PRACA ZBIOROWA
Polityka kulturalna Unii Europejskiej (miękka), Bożena Gierat-Bieroń
Biuro M (pocket), Magdalena Witkiewicz, Alek Rogoziński
Kamienica pod szczęśliwą gwiazdą (pocket), Agnieszka Krawczyk
Kosmos (miękka), William Potter
Jak Ojciec Pio zmienił moje życie (miękka), Piero Drioli
Kraina jednorożców (miękka), PRACA ZBIOROWA
Nieodpłatna pomoc prawna (miękka), Adriana Sylwia Bartnik, Katarzyna Julia Kowalska
Ziemia św. Ojca Pio (twarda), PRACA ZBIOROWA
Zaangażowanie (miękka), Ewa Jarosz-Sienkiewicz, Monika Wolting
Gdańsk wokół dróg i zieleni (twarda), MACIEJ KOSYCARZ, DARIUSZ ŁAZARSKI
Nowa Huta (miękka), PRACA ZBIOROWA
Komuniści i Watykan (miękka), Wojciech Kucharski
Karma (miękka), Ewka Mroz
On (miękka), Janusz Wojciech Kowalski
Beskid Niski Mapa turystyczna (miękka), PRACA ZBIOROWA
Dolny Śląsk kryminalny, podziemny i niezwyczajny (miękka), Szymon Wrzesiński
Współczesne problemy prawa podatkowego (pakiet), PRACA ZBIOROWA
Provence Map / Prowansja Mapa turystyczna (miękka), PRACA ZBIOROWA
Warszawa, Łomianki, Marki, Ząbki plan miasta (miękka), PRACA ZBIOROWA
Uwięziona królowa (miękka), Kristen Ciccarelli
Odlot (miękka), Zenon Fajfer
Przepiśnik Unicorn (miękka), PRACA ZBIOROWA
W rajskiej dolinie wśród zielska (miękka), Jacek Hugo-Bader
France road map / Francja mapa samochodowa (miękka), PRACA ZBIOROWA
VAT 2019 Komentarz (miękka), Tomasz Krywan
Kolorowe literki (miękka), PRACA ZBIOROWA
Zaopiekuj się mną Mgiełka, porzucona kotka (miękka), Holly Webb
Złoty szlak (twarda), Agnieszka Stelmaszyk
Prawo ochrony środowiska (miękka), PRACA ZBIOROWA
Nomos ziemi (miękka), Carl Schmitt
Wartości kobiece w biznesie (miękka), Monika Różycka
Polsko-niemiecki słownik etykiety językowej (twarda), Agnieszka Frączek, Małgorzata Marcjanik, Sylvia Bonacchi
Przezwyciężenie statusowej determinacji karier szkolnych (miękka), Marek Smulczyk
Infidel (miękka), Aaron Campbell, Pornsak Pichetshote
Płyń spokojnie, Sigge (twarda), Lin Hallberg
Warszawa stolica szpiegów (miękka), Andrzej Fedorowicz
Gwiazda w operze. Opowieść o Aleksandrze Kurzak (miękka), Ewa Świerżewska
Somatopoetyka - afekty - wyobrażenia (miękka), Anna Łebkowska
Mała nocna muzyka. Gwiezdne skrzypce Wandy Wiłkomirskiej (miękka), Remigiusz Grzela
Joga w Polsce od końca XIX wieku do 1939 roku (miękka), Agata Świerzowska
Prawa Hammurabiego (twarda), Josef Klima
Niespodziewana przemiana Marszałka Bimbusa. Co gra w duszy Jerzemu Maksymiukowi (miękka), Krzysztof Lipka
Młody bóg z pętlą na szyi (miękka), Anka Mrówczyńska
Doskonalenie jakości zarządzania w szkołach wyższych (twarda), Tadeusz Wawak
Vege słodycze (twarda), PRACA ZBIOROWA
Wyspa Wolin, Woliński Park Narodowy Mapa turystyczna (miękka), PRACA ZBIOROWA
X-O Manowar (miękka), Matt Kindt
Kiszonki. Samo zdrowie (twarda), PRACA ZBIOROWA
Magnaci Ostatni polski król (miękka), Przemysław Dębski
Jeremiah 18. Ave Cezar (miękka), Huppen Hermann
Zabijcie wszystkich, Bóg swoich rozpozna (miękka), Violetta Domagała
Wojna według Karskiego (twarda), Tomasz Łubieński
Kariery akademickie kobiet i mężczyzn (miękka), Renata Siemieńska
Wynalazek nowoczesnego serca (miękka), Karolina Wigura
Horyniec-Zdrój (twarda), Mariusz Leszczyński
Lady S. 9 Ścigana (miękka), Jean Van Hamme
Medicina antiqua, mediaevalis et moderna (twarda), PRACA ZBIOROWA
Armia rosyjska w Królestwie Polskim w latach 1815-1856 (miękka), Mariusz Kulik
Wszystkie te lata (pocket), Semb Jeanette
Zesłańcy postyczniowi na Syberii Zachodniej, w opinii rosyjskiej administracji i ludności syberyjskiej (twarda), PRACA ZBIOROWA
Bitwa o kieł. Bitwy Kosmicznych Marines (miękka), CHRIS WRAIGHT
Zapomniane stadniny w Wachnówce na Kijowszczyźnie i w Suchowoli na Podlasiu (miękka), Stefan Maria Gromnicki, Stefan Krzysztof Gromnicki, Agnieszka Gątarczyk
Ziarna słowa (miękka), Robert Bp Barron
Polski Autokefaliczny Kościół Prawosławny (twarda), Stefan Dudra
Zagadki dla bystrzaków Zabawy i łamigłówki (miękka), PRACA ZBIOROWA
Jadzia Pętelka idzie spać (twarda), Barbara Supeł
Zabawy kawaii Zwierzęta (miękka), PRACA ZBIOROWA
Saga rodu Forsyte`ów (twarda), John Galsworthy
Zabawy kawaii Jedzenie (miękka), PRACA ZBIOROWA
Wyspa singli (miękka), Małgorzata Falkowska
Sposób na nudę Zabawy i łamigłówki (miękka), PRACA ZBIOROWA
Edulatki Ćwiczenia 4-latka (miękka), PRACA ZBIOROWA
Edulatki Ćwiczenia 2-latka (miękka), PRACA ZBIOROWA
Edulatki Ćwiczenia 3-latka (miękka), PRACA ZBIOROWA
Klimaty i krajobrazy (miękka), Tomasz Kubik
Prison Pit (twarda), Johnny Ryan
Osterreich Supertouring Autoatlas / Austria Supertouring Atlas samochodowy (miękka), PRACA ZBIOROWA
Edulatki Ćwiczenia 5-latka (miękka), PRACA ZBIOROWA
Edulatki Ćwiczenia 6-latka (miękka), PRACA ZBIOROWA
Kultowe Auta. Jaguar XJ (twarda), PRACA ZBIOROWA
Save Us (miękka), Mona Kasten
Encyklopedia ciała człowieka. Układ trawienny, układ moczowy i układ wydalniczy (miękka), PRACA ZBIOROWA
Pogański pan (twarda), Bernard Cornwell
Encyklopedia ciała człowieka. Części ciała (miękka), PRACA ZBIOROWA
Encyklopedia ciała człowieka. Układ szkieletowy i układ mięśniowy (miękka), PRACA ZBIOROWA
Encyklopedia ciała człowieka. Zmysły (miękka), PRACA ZBIOROWA
Encyklopedia ciała człowieka. Układ nerwowy, układ endokrynny i układ odpornościowy (miękka), PRACA ZBIOROWA
Bajkowe rozkładanki. Królewna Śnieżka (twarda), Nicole van Dooren
Bajkowe rozkładanki. Mała Syrenka (twarda), Nicole van Dooren
Bajkowe rozkładanki. Czerwony Kapturek (twarda), Nicole van Dooren
Encyklopedia ciała człowieka. Układ krwionośny i układ oddechowy (miękka), PRACA ZBIOROWA
Encyklopedia ciała człowieka. Układ rozrodczy (miękka), PRACA ZBIOROWA
Bajkowe rozkładanki. Jaś i Małgosia (twarda), Nicole van Dooren
Bajkowe rozkładanki. Trzy małe świnki (twarda), Nicole van Dooren
Bajkowe rozkładanki. Królewna Śnieżka (twarda), Nicole van Dooren
Bajkowe rozkładanki. Kopciuszek (twarda), Nicole van Dooren
Bajkowe rozkładanki. Czerwony Kapturek (twarda), Nicole van Dooren
Twierdza Tytonu (miękka), Magdalena Pioruńska
Bajkowe rozkładanki. Jaś i Małgosia (twarda), Nicole van Dooren
Bajkowe rozkładanki. Mała Syrenka (twarda), Nicole van Dooren
Bajkowe rozkładanki. Złotowłosa i trzy misie (twarda), Nicole van Dooren
Bajkowe rozkładanki. Trzy małe świnki (twarda), Nicole van Dooren
Bajkowe rozkładanki. Ali Baba i czterdziestu rozbójników (twarda), Nicole van Dooren
Supremacja w cieniu Andromedy (miękka), Adrian Dymek
Bajkowe rozkładanki. Złotowłosa i trzy misie (twarda), Nicole van Dooren
Zatruta pieśń maku (miękka), Krzysztof Rejmer
Sekrety Panamy. Spadek (miękka), Monika Wojtkowiak
Bajkowe rozkładanki. Kopciuszek (twarda), Nicole van Dooren
Kropka w środku (miękka), Wasyl Słapczuk
Świat przedszkolnej sceny. Wierszyki na różne okazje (miękka), Anna Jedlikowska
Wojna na pociski i pisma (twarda), Grzegorz Śliżewski
Historia wilków (miękka), Emily Fridlund
Bajkowe rozkładanki. Ali Baba i czterdziestu rozbójników (twarda), Nicole van Dooren
Bramy Światłości (twarda), Maja Lidia Kossakowska
Święto nieodległości (miękka), Janusz Radwański
Uczę się liczyć (miękka), PRACA ZBIOROWA
Lordowie Hitlera (miękka), Radosław Golec
Matematyka inaczej (miękka), Beata Kenig, Ewa Jurkiewicz
Pucio umie opowiadać (twarda), Marta Galewska-Kustra
Przekrój (miękka), PRACA ZBIOROWA
Ogród ekologiczny 50 pytań i odpowiedzi (miękka), Zbigniew Przybylak, Magdalena Przybylak-Zdanowicz
Spojrzenie na Azję (miękka), Joanna Marszałek-Kawa, Katarzyna Chałubińska-Jentkiewicz
Coloring Book Frida Kahlo (miękka), PRACA ZBIOROWA
W potrzasku wspomnień (miękka), Aleksandra Kosowska
Sądownictwo Komisji Skarbu Wielkiego Księstwa Litewskiego w sprawach skarbowych (1765-1794). (twarda), Piotr Miłosz Pilarczyk
Widma Derridy (miękka), Agata Bielik-Robson, Piotr Sadzik
AutoCAD 2020 / LT 2020 (2013+) (miękka), Andrzej Jaskulski
Funkcjonowanie demokracji parlamentarnej w Drugiej Rzeczypospolitej (twarda), Janusz Faryś
Zarządzanie ryzykiem w projektach logistycznych (miękka), Tomasz Wiśniewski, Małgorzata Smolska, Katarzyna Zioło
Pogięte bajki Spokój grabarza (miękka), Marcin Pełka
Inne miasteczko (miękka), Michał Kukuła
Mądry przedszkolak. Maluszek (miękka), Weronika Goszczyńska
Gospodarowanie odpadami komunalnymi w Polsce (miękka), Krzysztof Małachowski
Natura wszechświata Czas i jego rodzaje Rachuba czasu (miękka), Beda Czcigodny
Zygmunt Lasocki (twarda), PRACA ZBIOROWA
Co się dzieje z polskim społeczeństwem? (twarda), PRACA ZBIOROWA
Tragedie (twarda), EURYPIDES
China Top Sights, Authentic Experiences Travel guide / Chiny Przewodnik turystyczny (miękka), PRACA ZBIOROWA
Pięć toastów Hannigana (miękka), Anne Griffin
Spal tę wodę (twarda), Tim James
Klub Ochrony Orangutanów Majki (miękka), Maja Mulak
Meble od nowa. Domowe renowacje (miękka), Małgorzata Budzich
Hamburg Pocket guide / Hamburg Przewodnik kieszonkowy (miękka), PRACA ZBIOROWA
Idź po swoje! (miękka), Jack Nasher
Norwid wobec historii (miękka), PRACA ZBIOROWA
Wokół muzyki Feliksa Nowowiejskiego (miękka), PRACA ZBIOROWA
Zdrowy dom (miękka), Katarzyna Dwornik
Dzikie zwierzęta. Orzeł (miękka), PRACA ZBIOROWA
Mnożę i dzielę do 100 (miękka), Małgorzata Podleśna
Mnożę i dzielę do 1000 (miękka), Małgorzata Podleśna
Świat Dinozaurów. Kentrozaur (miękka), PRACA ZBIOROWA
Morskie Gracje (twarda), PRACA ZBIOROWA
Mnożę i dzielę do 30 (miękka), Małgorzata Podleśna
Zdrowie migrantów i drenaż białego personelu (miękka), Zofia Kawczyńska-Butrym
Zasady bezpieczeństwa (miękka), Agnieszka Sobieralska
Polskie państwo podziemne (miękka), Aleksander Szumański
Wściekła pogoda (miękka), Friederike Otto
Doktor Bianko i inne opowiadania (miękka), Maciej Bielawski
Sieci komputerowe. Najczęstsze problemy i ich rozwiązania (twarda), Ethan Banks
ABC florystyki (twarda), Anna Nizińska
Pismo Święte Stary i Nowy Testament (niebieskie) (pocket), PRACA ZBIOROWA
Bitwa o nonsens (miękka), Agata Wilk
Pismo Święte Starego i Nowego Testamentu z paginatorami (brązowe) (skóropodobna), PRACA ZBIOROWA
Wielka Księga Psów (twarda), PRACA ZBIOROWA
Niesamowite historie o spotkaniach z aniołami (miękka), Joe Wheeler
Kultowe Auta. Chevrolet Corvette 1999 (twarda), PRACA ZBIOROWA
Kolory (twarda), PRACA ZBIOROWA
Matka Teresa. Notatki, przemówienia, modlitwy (miękka), Jose Luis Gonzales-Balado
Podróż do Alfy Centauri (miękka), Michael D. O`Brien
Jaki to kolor? (twarda), PRACA ZBIOROWA
Pismo Święte Nowego Testamentu i Psalmy (pocket), PRACA ZBIOROWA
123 Licz i ty! (twarda), PRACA ZBIOROWA
Świat zwierząt (twarda), PRACA ZBIOROWA
Krowa muczu muu (twarda), PRACA ZBIOROWA
Zanim wyjedziesz w Bieszczady (twarda), Maciej Kozłowski
Jaki to wzorek? (twarda), PRACA ZBIOROWA
W ogrodzie (twarda), PRACA ZBIOROWA
Czy to wiesz? (miękka), Emilie Beaumont, Emmanuelle Lepetit
Berserk: Spowiednik (miękka), Paweł Majka
Życie cię kocha, Lili (miękka), Anna H. Niemczynow
Czerwony najazd (twarda), Dariusz Kaliński
Polowanie na Wilka (miękka), Vera Eikon
Świat Blasku (miękka), Margaret Cavendish
Polowanie na mordercę (miękka), Rachel Caine
Francuska opowieść (miękka), Krystyna Mirek
Rozwój bankowości islamskiej (miękka), Iwona Sobol
Dekalog (twarda), Frank Giroud
Od faszystowskiej dystopii do anarchistycznej utopii (miękka), Wojciech Lewandowski
Współpraca i rywalizacja państw azjatyckich (miękka), Joanna Marszałek-Kawa, Jakub Zajączkowski
Proces budowania narodu czarnogórskiego w latach 1991-2018 (miękka), Agata Beata Domachowska
Za siódmą górą (miękka), Agnieszka Jeż
Kluby poselskie w strukturze i pracach Sejmu Rzeczypospolitej Polskiej (miękka), Grzegorz Koksanowicz
Maluchy w gospodarstwie (twarda), PRACA ZBIOROWA
Środowisko bezpieczeństwa europejskiego w świetle zagrożeń militarnych ze strony Rosji (twarda), Bogdan Grenda
Słowiańskie inspiracje (miękka), Anita Gostomska, Wewlina Lechocka
Sytuacja wychowawcza w ujęciu metapedagogicznym (miękka), Paweł Piotrowski
Retoryka i wartości (miękka), Agnieszka Budzyńska-Daca, Ewa Modrzejewska
Specyfika odbioru słuchowiska radiowego (miękka), Janusz Łastowiecki
Teatr poznański w podróży (1870-1900) (miękka), Krzysztof Kurek
Międzynarodowe public relations (miękka), Marcin Leszczyński
Kawiarniane serwetki (miękka), Marika Krajniewska
Wiersze polityczne (miękka), Jan Brzechwa
Pani Sześć Gier. 111 wierszy (miękka), Grzegorz Wróblewski
Krzysztof M. Bednarski Karol Marks vs Moby Dick (miękka), PRACA ZBIOROWA
Food Trucki (twarda), Jacek Tymoszuk
Nie możemy uciec przed naszą historią (miękka), Adrian Cioroianu
Bruszewski Sztuka generatywna (miękka), Filip Gabriel Pudło
Język a Kultura 27 (miękka), PRACA ZBIOROWA
Pozacenowe kryteria oceny ofert (miękka), Agata Hryc-Ląd
Pod czerwień. 111 wierszy (miękka), Konrad Wojtyła
Potrącenia z wynagrodzeń i zasiłków 2019/2020 (miękka), Mariusz Pigulski
Jan III Waza i misja Possewina (miękka), Feliks Koneczny
Świat polskiej szlachty (twarda), Marcin Rosołowski, Arkadiusz Bińczyk
Podatek VAT w kulturze (miękka), PRACA ZBIOROWA
70 najlepszych trików w Excelu, o których nie wiedziałeś (miękka), PRACA ZBIOROWA
Vademecum ochrony danych osobowych w sektorze publicznym. (miękka), PRACA ZBIOROWA
Angielski dla księgowych (miękka), PRACA ZBIOROWA
Wszystko o służbie bhp (miękka), Marek Kalman
Medycyna energetyczna (miękka), Konstantin Korotkov
Pewuka (twarda), Filip Czekała, Tomasz Mikszo
Rozwijanie umiejętności uczenia się (miękka), Magdalena Goetz
Instalacje elektryczne na budowie (miękka), Janusz Strzyżewski
Fot. Kosycarz Niezwykłe zwykłe zdjęcia Oruni, Chełma i Siedlec (twarda), Maciej Kosycarz
Królowa Saby (miękka), Ewa Kassala
Kali Linux (miękka), Ric Messier
Oczyszczanie wątroby według boskiego lekarza (twarda), Anthony William
Chłopiec jeden na milion (miękka), Monica Wood
Dialogi z czarnym Platonem (miękka), Iwona Bińczycka-Kołacz
Uzurpator. Podwójne życie prałata Jankowskiego (twarda), Piotr Głuchowski, Bożena Aksamit
Umysł doskonały (miękka), Norman Rosenthal
Z każdym oddechem (miękka), Clark Mary Higgins, Alafair S. Burke
Ukryty pokój (miękka), Jorn Lier Horst
Jutro zaczyna się dziś (miękka), Roma J. Fiszer
Był sobie pies 2 (miękka), Bruce W. Cameron
Somebody to Love (twarda), Matt Richards, Mark Langthorne
Ubieram pieski (miękka), PRACA ZBIOROWA
Anioł z Auschwitz (miękka), Eoin Dempsey
(Nie)opowiedziane (miękka), PRACA ZBIOROWA
Deep Learning. Receptury (miękka), Douwe Osinga
Dwa jabłka Adama (miękka), Ewa Podsiadły-Natorska
Metodyka nauczania (miękka), Marek Górny
Ubieram kucyki (miękka), PRACA ZBIOROWA
Dziewczyna od trawnika (miękka), Dorota Pasek
Poza granicami nieskończoności (miękka), Andrzej Augustynek
Uczę jeździć samochodem (miękka), Zbigniew Bem
Niesiołowski (miękka), Piotr Lekszycki
Polski krok po kroku. Gry i zabawy językowe (miękka), Iwona Stempek
Włodek (twarda), PRACA ZBIOROWA
Nieoczywiste pytania. Oczywiste odpowiedzi (miękka), Pogodny Ksiądz
Legionista republiki Rzymskiej 298-105 przed Chr. (miękka), Nic Fields
Chazarowie. Judeo-tureckie imperium stepowe (VII-XI wiek) (miękka), PRACA ZBIOROWA
Kocham konie! (miękka), PRACA ZBIOROWA
Armia Gustawa Adolfa (1) Piechota (miękka), Richard Brzezinski
Europeizacja. Analiza oddziaływania Unii Europejskiej (miękka), Janusz Ruszkowski
Kaszuby na weekend Przewodnik dla aktywnych (miękka), PRACA ZBIOROWA
Więźniowie nocy (miękka), Loretta Chase
Safari. Zapiski przewodnika karawan (twarda), Paweł Kardasz
Naturalizm prawniczy (twarda), PRACA ZBIOROWA
Repetytorium Język hiszpański (miękka), PRACA ZBIOROWA
Gimnastyka umysłowa dyslektyka. Patrzę! Poziom 1 (miękka), Agnieszka Bala
Analiza i zarządzanie ryzykiem w finansach korporacyjnych z zastosowaniem arkusza kalkulacyjnego Excel (miękka), Tomasz Krawczyk
Magiczne konie (miękka), PRACA ZBIOROWA
Zaginiony horyzont. Książka nie o wspinaczce (miękka), Tadeusz Szczęsny
Gramatyka języka hiszpańskiego (miękka), PRACA ZBIOROWA
Czerwone i brunatne (miękka), Lech Z. Niekrasz
A na wakacjach. Samogłoski ustne (miękka), PRACA ZBIOROWA
ZOOminki - ćwiczenia usprawniające mowę, PRACA ZBIOROWA
Niezbędnik kierowcy ciężarówki powyżej 3,5 tony (miękka), Aldona Kapica
Uczące się społeczeństwo (miękka), Barbara Worek
Nauka i zabawa Konie i kucyki (miękka), Marta Maruszczak
Solidarność queerowa (miękka), Justyna Struzik
Dobra wiadomość o ratunku w Chrystusie w relacji Jana (miękka), PRACA ZBIOROWA
Billy Budd (twarda), Herman Melville
W kulturze wstydu? (miękka), Anna Łebkowska, Łukasz Wróblewski, Klaudia Muca
Wroga miłość (miękka), Ana Rose
Iskry (miękka), James Low
M.M. czyli krótki przewodnik po konopiach (miękka), Anna Marija Laichman
Challenge (miękka), Robert Trojanowski
Reklama a postawy prozdrowotne (miękka), Henryk Mruk, Marzena Barańska
Staś Pętelka: Nowy piesek (twarda), Barbara Supeł
Zasłona w rajskie ptaki (miękka), Wiesław Juszczak
Cyfry z naklejkami (miękka), Magda Malicka
Litery z naklejkami (miękka), Magda Malicka
Kolory z naklejkami (miękka), Magda Malicka
Nauka i zabawa Dzikie zwierzęta (miękka), Marta Maruszczak
Społeczny wymiar tworzenia filmu w Polsce (miękka), Tomasz Kożuchowski, Iwona Morozow, Roman Sawka
Pieniądze Produkcja Rynek (miękka), Anna Wróblewska, Artur Majer, Agnieszka Orankiewicz
Studia z kultury popularnej 2/2018-2019 (miękka), PRACA ZBIOROWA
Nawiedzony Dom Maga (miękka), Janet Farell
Nauka i zabawa Dinozaury (miękka), Marta Maruszczak
Skazany na Wimbledon (miękka), Artur Rolak
Cudowna Pomyłka (pocket), Jordan Penny
Odnaleźć Natalie (pocket), Patricia Vandenberg
Ziemia (nie)znana. (miękka), Jacek Splisgart, Alicja Ozga
Sąd Ostateczny Hansa Memlinga (miękka), PRACA ZBIOROWA
Zeszyty komiksowe nr 27 (miękka), PRACA ZBIOROWA
Dylematy wyceny nieruchomości komercyjnych w Polsce (miękka), Dariusz Trojanowski
Odznaki Kawalerii Tom 9. 4 Pułk Strzelców konnych (twarda), PRACA ZBIOROWA
Karolcia Marii Kruger (miękka), Danuta Anusiak
Poczet książąt i księżnych mazowieckich (twarda), Janusz Grabowski
Studio nieużyteczności. Eseje (miękka), Simon Leys
Wielki Leksykon Uzbrojenia Wrzesień 1939 Tom 167 (miękka), PRACA ZBIOROWA
Podstawy gry aktorskiej (miękka), Margarete Schuler, Stephanie Harrer
Polska Walcząca. `Wybory` i `Amnestie` (twarda), PRACA ZBIOROWA
Ulubione zabawy przedszkolaka (miękka), PRACA ZBIOROWA
Kreatywne zabawy przedszkolaka (miękka), PRACA ZBIOROWA
Przewodnik ksenofoba. Nowozelandczycy (miękka), PRACA ZBIOROWA
Jak zadbać o swoje stawy (miękka), Marta Wielek
Przewodnik ksenofoba. Walijczycy (miękka), PRACA ZBIOROWA
Usagi Yojimbo Saga (miękka), Stan Sakai
Czwórka z Baker Street (miękka), Jean-Blaise Djian, Olivier Legrand, David Etien
Rycerze Kolorowanka (miękka), Beata Guzowska
Czarny Młot (miękka), Jeff Lemire, Dave Stewart, Dean Ormston
Star Wars Legendy. Agent imperium: żelazne zaćmienie (miękka), PRACA ZBIOROWA
Dary bogów (miękka), Witold Jabłoński
Smerfy i księga odpowiedzi (miękka), Peyo
Bezsenne noce, senne dni (miękka), Alina Białowąs
Listy (twarda), de Montfort Ludwik Maria św. Grignion
Sprytne smyki 2 (twarda), Jolanta Czarnecka
Za głosem Kristen (miękka), LORI NELSON-SPIELMAN
Kolory maluszka smacznego (twarda), Piotr Kozera
Porządek słów (miękka), PRACA ZBIOROWA
Lato (twarda), Katarzyna Moryc
Koloruję księżniczki (miękka), PRACA ZBIOROWA
Nawiedzenia Historie prawdziwe (miękka), Ed Warren, Lorraine Warren, Robert David Chase
Surogatka (pocket), Louise Jensen
Wszystko przed nami (pocket), Samantha Young
Sprytne smyki 1 (twarda), Jolanta Czarnecka
Samoloty pasażerskie świata. Fokker 28/70/100 (miękka), PRACA ZBIOROWA
Tajemnice zamku w Pasłęku (twarda), WIESŁAW ŚNIECIKOWSKI, JÓZEF WŁODARSKI
Ofiara (pocket), Max Czornyj
Instrukcje księgowe i podatkowe 2019 (miękka), Artur Hołda
CIT. Podatki i rachunkowość (twarda), Paweł Małecki
French Riviera, Esterel / Riwiera Francuska (Lazurowe Wybrzeże), Masyw Esterel Mapa samochodowa (miękka), PRACA ZBIOROWA
Bangkok Street Map / Bangkok Plan miasta (miękka), PRACA ZBIOROWA
Usługi turystyczne (miękka), PRACA ZBIOROWA
Gazeta Krakowska w antrakcie (miękka), Sławomir J. Tabkowski
Shanghai Street Map / Szanghaj Plan miasta (miękka), PRACA ZBIOROWA
Prawo pracy dla HR (miękka), PRACA ZBIOROWA
Zbiory poetyckie (twarda), Wincenty Ignacy Marewicz
Stan miłosny...przerywany (twarda), Józef Baran
Atlas roślin miododajnych (twarda), Marek Pogorzelec
Ubieram kotki (miękka), PRACA ZBIOROWA
Orgazm na szczycie (miękka), Karina Sęp
Góry Kaczawskie słowem malowane (miękka), Krzysztof Gdula
Pokonać dysgrafię (miękka), PRACA ZBIOROWA
Studium w szkarłacie. Przygody Sherlocka Holmesa (miękka), Arthur Conan Doyle
Zapomniane miejsca Małopolskie. Południe i wschód (miękka), PRACA ZBIOROWA
Znak zapytania (miękka), Marek Romański
Świder (miękka), PRACA ZBIOROWA
Ubieram misie (miękka), PRACA ZBIOROWA
Marketing mobilny (miękka), Agnieszka Dejnaka
Wspólnicy i rywale (miękka), Ewa Małkowska-Bieniek
Strachota postrach Strachocina (miękka), Ewa Zachara
Przedszkole w sytuacji trudnej. Zdążyć z pomocą (miękka), Beata Szurowska
Biblia. Bóg Honor Ojczyzna (twarda), PRACA ZBIOROWA
Pracownicze plany kapitałowe (twarda), Sebastian Jakubowski, Adrian Prusik
Zaćmienie (twarda), Ed Brubaker, Sean Phillips
Krzyk historii (miękka), Xenia Prałat
Kajakiem po Suwalszczyźnie (miękka), PRACA ZBIOROWA
Połączyły ich gwiazdy (miękka), Minnie Darke
Diagnoza i ochrona dziecka z traumą rozwojową w polskim systemie prawa (miękka), Joanna Helios, Wioletta Jedlecka
Tom and Keri. Książeczka z historyjkami (miękka), PRACA ZBIOROWA
Hermeneutyka (twarda), Andrzej Przyłębski
Liliana Pędziwiatr (twarda), Tanya Stewner
Bagażnik czyli rzecz o pakowaniu (twarda), MAGDALENA KILARSKA
Star Wars Komiks Walka o kryształy (miękka), PRACA ZBIOROWA
Nikodem terapeuta duszy (miękka), MAJA WĄSAŁA
Pojazdy na wsi (miękka), PRACA ZBIOROWA
Kształty z naklejkami (miękka), Magda Malicka
Pojazdy w mieście (miękka), PRACA ZBIOROWA
Wianek z dmuchawców (miękka), Agnieszka Olszanowska
Angielski Kolorowanka z naklejkami (miękka), PRACA ZBIOROWA
Tsatsiki i wojna oliwkowa (twarda), Moni Nilsson
Kielce przewodnik (miękka), PRACA ZBIOROWA
Samolot bez niej (pocket), Michel Bussi
Moja cytrynowa Sycylia (miękka), Jo Thomas
Zwierzaczki wiejskie (miękka), PRACA ZBIOROWA
Jak trudno jest kochać (miękka), Holly Bourne
Dzieje Tajlandii (twarda), Chris Baker, Pasuk Phongpaichit
Na dobre i na złe (miękka), Magdalena Trubowicz
O jeden diament za daleko (miękka), Marta Radomska
Historia naszych pożegnań (miękka), Agata Przybyłek
Pokoloruj Elfy (miękka), PRACA ZBIOROWA
Z ciszy (miękka), Martyna Senator
Pokoloruj Motyle (miękka), PRACA ZBIOROWA
Wesołe zoo (miękka), PRACA ZBIOROWA
Najpiękniejsze księżniczki (miękka), PRACA ZBIOROWA
Pancerna brzoza (miękka), Galopujący Major
Niesamowite dinozaury (miękka), PRACA ZBIOROWA
Sklep z babciami (twarda), Dominika Gałka
Jezioro Ciszy (miękka), Anne Bishop
Zbrodnia po irlandzku (miękka), Aleksandra Rumin
Leona Cena człowieka (miękka), Jenny Rogneby
Stroiciel (twarda), Tomasz Trojanowski
Holenderska dziewczyna (miękka), Marente de Moor
Ludzkie potwory (twarda), Nikki Meredith
Bella Germania (miękka), Daniel Speck
Provence and Southeast France Road Trips. Przewodnik (miękka), PRACA ZBIOROWA
Pokoloruj Syreny (miękka), PRACA ZBIOROWA
Dzikie Zwierzęta. Żyrafa (miękka), PRACA ZBIOROWA
Fobia (miękka), SARAH EPSTEIN
Środowisko wychowawcze domu rodzinnego a relacje małżeńskie w dorosłym życiu (miękka), Marta Komorowska-Pudło
Sielankowanie pod Tatrami (twarda), Agnieszka Lisak
Wartości, kultura, humanistyka (miękka), Jerzy Wacław Gałkowski, Stanisław Karol Gałkowski
Rio do Janeiro Travel guide / Rio de Janeiro Przewodnik turystyczny (miękka), PRACA ZBIOROWA
Vademecum złego ojca (miękka), Guy Delisle
Wartości rodzinne (twarda), `Śledziu` Michał Śledziński
Samobójstwo. Brak poczucia miłości (miękka), PRACA ZBIOROWA
Leksykon cen transferowych (twarda), Jarosław F. Mika
Zakład podatkowy (miękka), Tomasz Musialski, Kamil Stefaniak
Binio Bill i skarb Pajutów (miękka), Jerzy Wróblewski
Tatry polskie i słowackie z dzieckiem + mapa (miękka), Marlena Woch, Mariusz Woch
Pod obcym niebem (twarda), Kazimiera Iłłakowiczówna
Ja, mama i nasi zwariowani przyjaciele (twarda), Piret Raud
Przybylski i inni (twarda), Roman Dąbrowski
Plątawisko (miękka), Jerzy Surdykowski
Myślisz, że tak ci źle? Życie dzieci w starożytnym Egipcie (twarda), Chae Strathie, Marisa Morea
Dalej niż niebo (twarda), Dara Ó Briain
Owoc granatu (miękka), Maria Paszyńska
Morze i Pomorze (miękka), Jerzy Smoleński
Katarynka i inne nowele (miękka), Bolesław Prus
Pan Tadeusz (miękka), Adam Mickiewicz
Latarnik i inne nowele (miękka), Henryk Sienkiewicz
Do zobaczenia w piekle (miękka), Wojciech Pestka
Styl urzędowy mieszkańców wsi (miękka), Anna Piechnik
W 80 dni dookoła świata (miękka), Juliusz Verne
Przygody Tomka Sawyera (miękka), Mark Twain
Cudaczek - Wyśmiewaczek (miękka), Julia Duszyńska
Moje ulubione szlaczki 3 (miękka), PRACA ZBIOROWA
Moje ulubione szlaczki 2 (miękka), PRACA ZBIOROWA
Moje ulubione szlaczki 4 (miękka), PRACA ZBIOROWA
Księga czarownic (twarda), Deborah Harkness
Lubię liczyć. Łamigłówki (miękka), PRACA ZBIOROWA
Dzień Szakala (miękka), Frederick Forsyth
Moje ulubione szlaczki 1 (miękka), PRACA ZBIOROWA
Fox (miękka), Frederick Forsyth
Port Północny w Gdańsku (twarda), Aleksander Białecki
Zemsta (miękka), Aleksander Fredro
Ocaleni z niepamięci (twarda), PRACA ZBIOROWA
Ostatnia walka (pocket), Jan Zumbach
Portugalski w tłumaczeniach Gramatyka 2 (miękka), Przemysław Dębowiak
Zbrodnia i kara (miękka), Fiodor Dostojewski
Rio de Janeiro Pocket guide / Rio de Janeiro Przewodnik kieszonkowy (miękka), PRACA ZBIOROWA
Towar (miękka), David Baldacci
Baśnie dla dziewczynek (twarda), PRACA ZBIOROWA
500 naklejek Dragons (miękka), PRACA ZBIOROWA
Tak czy inaczej (miękka), Colleen Coleman
Shimmer and Shine (twarda), PRACA ZBIOROWA
Peppa Pig Chrum...Chrum... Piraci (miękka), PRACA ZBIOROWA
Zagubieni (miękka), Kevin Wignall
Okolice Poznania mapa turystyczna (miękka), PRACA ZBIOROWA
Okolice Wrocławia, Dolny Śląsk mapa turystyczna (miękka), PRACA ZBIOROWA
Pod murami Malborka. Lato 1410 (miękka), Mieczysław Haftka
Bieszczady i Góry Sanocko-Turczańskie / Bieszczady Beskid Niski Góry Sanocko-Turczańskie Przewodnik+mapa (pakiet), PRACA ZBIOROWA
Kodeks postępowania administracyjnego. Komentarz (twarda), Hanna Knysiak-Sudyka
Ochrona praw lokatorów i mieszkaniowego zasobu gminy (twarda), Krystyna Krzekotowska, Magdalena Malinowska-Wójcicka
Kodeks wykroczeń. Komentarz (twarda), Tadeusz Bojarski
Switzerland Road and Tourist map / Szwajcaria mapa drogowo-turystyczna (miękka), PRACA ZBIOROWA
Administrator i inspektor ochrony danych osobowych (twarda), Marcin A. Mielczarek, Teresa Wyka
Sądownictwo polubowne a sądy państwowe (twarda), Marcin Orecki
Chew (twarda), John Layman
Obowiązki dokumentacyjne i formalne w prawie podatkowym (twarda), Paweł Mikuła
Ustawa o partnerstwie publiczno-prywatnym (miękka), Mateusz Grabiec
Dzieła zebrane Tom 8 (twarda), Gustaw Herling-Grudziński
Samobójstwo w prawie polskim (twarda), Konrad Burdziak
Kodeks cywilny Orzecznictwo Piśmiennictwo (twarda), Jacek Gudowski
Smoki (miękka), PRACA ZBIOROWA
Syberyjskie peregrynacje (miękka), Bolesław Włodarczyk, Dorota Niedźwiecka, Sergiusz Leończyk
Litwa, Łotwa, Estonia mapa samochodowa (miękka), PRACA ZBIOROWA
Wielki Martwy (twarda), Regis Loisel, Jean-Blaise Djian
Kucyki i jednorożce, PRACA ZBIOROWA
Dzieła zebrane Tom 12 (twarda), Gustaw Herling-Grudziński, Jerzy Giedroyć
Potwór i cyrk (twarda), Mats Strandberg, Sofia Falkenhem
Zrozumieć Rosję. Święte szaleństwo w kulturze rosyjskiej (miękka), Ewa Thompson
Kobieta w Watykanie (miękka), Magdalena Wolińska-Riedi
Wisła w ogniu (miękka), Szymon Jadczak
Lubię pisać (miękka), PRACA ZBIOROWA
Perfekcyjna żona (miękka), JP Delaney
Widok z mojego boksu (twarda), Jerzy Pilch
A serca mamy z kamienia (miękka), Henryk Piecuch
Frankenstein w Bagdadzie (twarda), Ahmed Saadawi
Odkryj swoje wewnętrzne dziecko (miękka), Stefanie Stahl
Płynąc do domu (miękka), Deborah Levy
Antolka (miękka), Magdalena Kordel
Będziesz moja (miękka), Diana Brzezińska
Historia bez cenzury 4 (miękka), Wojciech Drewniak
Księżniczki (miękka), PRACA ZBIOROWA
Dziewczyny sprawiedliwe (twarda), Anna Herbich
Zimowla (miękka), Dominika Słowik
Zakłamane jedzenie (miękka), Hanna Stolińska
Dziewięcioro nieznajomych (miękka), Liane Moriarty
Dwa lwy i teatr (twarda), Jacek Kusiński, Piotr Jarmołowicz
Ścigani (miękka), Robert Zieliński
Zapach Boga (miękka), Konrad Krajewski
Lukrecja (miękka), Anne Goscinny
Arka. Opowieść o życiu i przetrwaniu (miękka), Aleksander B. Skotnicki
Jak zwiększyć odporność swojego dziecka (miękka), Monika Bigoś
Harry Haft. Historia boksera z Bełchatowa (miękka), Scott Alan Haft
Dystrykt Warszawa (miękka), RAFAŁ BABRAJ
Rubież (miękka), Marcin A. Guzek
Krew (miękka), Rose George
Muszę wiedzieć (miękka), Kasia Bulicz-Kasprzak
Manewr wileński (twarda), Henri Bonnal
Kalafior to król (miękka), Leanne Kitchen
Przetwory z pomysłem (twarda), Patrycja Machałek
Tak wymyślono chrześcijaństwo (miękka), Leo Zen
Napoleon w czasie kampanii (twarda), Jean Baptiste Vachee
Przeplatalińscy (twarda), Maria Dek
Ekipa na 102. Psi Patrol (miękka), PRACA ZBIOROWA
Apartament / Wbrew przeciwnościom (pakiet), Danielle Steel
Architektura Włocławka w latach 1918-1939 (miękka), Michał Pszczółkowski
Madagaskar i Nosy Be przewodnik (miękka), PRACA ZBIOROWA
Świnka Peppa. Kolorowy sad (miękka), PRACA ZBIOROWA
L.O.L. Suprise! Stylowe kolory (miękka), PRACA ZBIOROWA
Psi Patrol. Dołącz do zabawy (miękka), PRACA ZBIOROWA
Pidżamerski. Wielkie kolorowanie (miękka), PRACA ZBIOROWA
Animal Club. 500 naklejek (miękka), PRACA ZBIOROWA
Sekrety Torunia (twarda), Krzysztof Halicki
Świnka Peppa. 500 naklejek (miękka), PRACA ZBIOROWA
Świnka Peppa. Układanka, kolorowanka (twarda), PRACA ZBIOROWA
L.O.L. Surprise! 500 naklejek (miękka), PRACA ZBIOROWA
Pidżamersi 8. Czas być bohaterem! (miękka), PRACA ZBIOROWA
Psi Patrol Przygoda na orbicie (twarda), PRACA ZBIOROWA
Rozwój historyczny fortyfikacji (twarda), Aleksander Witold-Alexandrowicz
Psi Patrol. 500 naklejek (miękka), PRACA ZBIOROWA
Sanktuaria Maryjne na świecie (twarda), Adam Dylewski
Pewnego razu w Rawie... (miękka), PRACA ZBIOROWA
Sanktuaria Maryjne na świecie (twarda), Adam Dylewski
Pedagogika Niepełnosprawność Edukacja. Ku szerokim przestrzeniom rozwoju pedagogiki (twarda), PRACA ZBIOROWA
Animal Club. Zwierzęta z naszego lasu (twarda), PRACA ZBIOROWA
Sharon Tate. Życie (miękka), Ed Sanders
Walcząc z cieniami (miękka), Aly Martinez
Lubię liczyć. Tabliczka mnożenia (miękka), PRACA ZBIOROWA
Ryba Piła (miękka), Paweł Leski
Paleta marzeń. Zgubione szczęście (miękka), Małgorzata Falkowska
Lubię liczyć. Łamigłówki (miękka), PRACA ZBIOROWA
Dróżnik (miękka), Charles Dickens
Kobiety i kobietki (miękka), Zbigniew Rykiel
71 dni Opowieść mężczyzny z sercem kobiety (miękka), Grzegorz Trochimczuk
Wiersze i wykłady (twarda), Federico Garcia Lorca
Lubię pisać (miękka), PRACA ZBIOROWA
LEGO Movie 2 Czadowi kumple (miękka), PRACA ZBIOROWA
Gryf Legenda o opiekunie ziemi gardejskiej (miękka), Mirosław Kowalczyk
Czy krajom na średnim poziomie rozwoju zagraża sekularna stagnacja? (miękka), Andrzej Wojtyna, Marek A. Dąbrowski
Bezdomna (miękka), Katarzyna Michalak
Słodki owoc gorzkiego drzewa (miękka), Mark Andreas
Jak nie ty to kto! Podręcznik dla zmieniających świat (miękka), Richard Bolstad
Wspomnienia i myśli (miękka), Marianna Cielecka-Możdżeńska
Analiza pretranslatorska tekstu jako pierwszy etap tłumaczenia poetyckiego (miękka), Anna Bednarczyk
Wywiad PRL a Watykan 1962-1978 (twarda), Władysław Bułhak
Świat kultury Romana Brandstaettera (miękka), Ryszard Zajączkowski
Naucz się prawidłowo oddychać (miękka), Belisa Vranich
LEGO Disney Księżniczka. Wspólna zabawa (miękka), PRACA ZBIOROWA
Gdy nadeszło życie (miękka), Aneta Krasińska
Soda oczyszczona (miękka), Brandon Britt
Tyfus, teraz słowiki (miękka), Marian Czuchnowski
Japońskie fabryki hybrydowe w Polsce i w Europie Środkowo-Wschodniej (miękka), Tomasz Olejniczak
Techniki i metody relaksacyjne w wychowaniu, edukacji i terapii (miękka), Gabriela Dobińska, Angelika Cieślikowska-Ryczko
Royal City (miękka), Jeff Lemire
Święci na ekranie filmowym (miękka), Sławomir Bobowski, Marek Lis
Młodzi w społeczeństwie konsumpcyjnym (miękka), Joanna Wardzała
Nienawidzę Baśniowa (miękka), Skottie Young
Poemat w obrazkach (miękka), Dino Buzzati
Tarot a psychologia (miękka), Alla Alicja Chrzanowska
Między naturalnością a intencjonalnością (miękka), Szczepan Kutrowski
Pod auspicjami kojarzenia intencji (miękka), Szczepan Kutrowski
Skandal za skandalem? (twarda), Manfred Lutz
W relacjach, sieciach, splotach asamblaży (miękka), Katarzyna Majbroda
Le Petit Robert de la langue francaise (twarda), PRACA ZBIOROWA
Ze szczytów Alp... (miękka), Monika Wąsik, Karolina Sidowska
Jak Pampirolo wygrał z ekranami (miękka), Letitia Durand, Edyta-Laura Rostkowska
Le Robert illustre 2020 (twarda), PRACA ZBIOROWA
Dictionnaire Le Robert Poche (miękka), PRACA ZBIOROWA
Kameleon 2 (miękka), Victor Gorsky
Zabawy 2-latka (miękka), PRACA ZBIOROWA
Muzyczne opowieści o zawodach / Musical stories about profession (miękka), Maria Strzykowska
Bariery we współpracy jednostek samorządu terytorialnego miejskich obszarów funkcjonalnych (miękka), Małgorzata Żak-Skwierczyńska
Już to wiem Elementarz 4-latka z naklejkami (miękka), PRACA ZBIOROWA
100 lat polskich skrzydeł. Śmigłowce Wojska Polskiego (miękka), PRACA ZBIOROWA
Już to wiem Ćwiczenia 2-latka z naklejkami (miękka), PRACA ZBIOROWA
Już to wiem Elementarz 3-latka z naklejkami (miękka), PRACA ZBIOROWA
Już to wiem Elementarz 5-latka z naklejkami (miękka), PRACA ZBIOROWA
Już to wiem Ćwiczenia 3-latka z naklejkami (miękka), PRACA ZBIOROWA
Lubię liczyć. Tabliczka mnożenia (miękka), PRACA ZBIOROWA
Już to wiem Ćwiczenia 4-latka z naklejkami (miękka), PRACA ZBIOROWA
Lubię poznawać. Świat (miękka), PRACA ZBIOROWA
Lubię pisać (miękka), PRACA ZBIOROWA
Generał Stanisław Taczak 1874-1960 (twarda), Bogusław Polak, Michał Polak
Już to wiem Ćwiczenia 5-latka z naklejkami (miękka), PRACA ZBIOROWA
Tajemnica Dworca Tokio (miękka), Beata M. Kowalczyk
Widok na Rzym / Sesja w willi Di Viscontich (miękka), Kate Hewitt, Bella Frances
Gorąca przyjaźń (miękka), Joss Wood
Jedna noc nie wystarczy / Seks na deser (miękka), Janice Maynard, Joanne Rock
Wielki Leksykon Uzbrojenia Wrzesień 1939 Tom 168 (miękka), PRACA ZBIOROWA
Księżniczka Amelia (miękka), Annie West
Życie dla chwili (miękka), Fiona Lowe
Odzyskać honor (miękka), Sarah Mallory
Wyjątkowa debiutantka (miękka), Laura Martin
Piękna i niebezpieczna (miękka), Nicola Cornick
Już to wiem Elementarz 2-latka z naklejkami (miękka), PRACA ZBIOROWA
Na krańcu świata / Powrót do Sydney (miękka), Caitlin Crews, Helen Bianchin
Podróż po miłość (miękka), Carol Marinelli
Romans z włoskim arystokratą (miękka), Julia James
Zadymiarze (twarda), Grzegorz Bartos
Ochrona małoletnich przed alkoholem w polskim prawie karnym (miękka), Agnieszka Kilińska-Pękacz
Dobre intencje (pocket), May Lis Ruus
Dawna literatura niderlandzka we Wrocławiu 1992-2017 (miękka), Stefan Kiedroń
Śmierć zaklęta w kamieniu (miękka), Janet Farell
Wielka Księga Kawalerii Polskiej Odznaki Kawalerii Tom 10. (twarda), PRACA ZBIOROWA
Tylko my dwoje (pocket), Jordan Penny
Idealny narzeczony (miękka), Melanie Milburne
Od Błonia do Terespola, Miron Kosowski
Chłopiec (miękka), Zbigniew Zyśk
Procesy reprywatyzacyjne w państwach Europy Środkowo-Wschodniej a ochrona prawa własności w systemie Europejskiej Konwencji Praw Człowieka (miękka), Aleksandra Mężykowska
Narzeczeństwo. Droga którą warto przejść (miękka), Lidia Pietruszka, Magdalena Parzyszek
Jedność i wielość logik modalnych (miękka), Marcin Tkaczyk
Idea i państwo Korona Królestwa Czech w latach 1457-1547 (miękka), Bogusław Czechowicz
Nowa mama dla urwisa (pocket), Patricia Vandenberg
Genderbending (miękka), Mo Klosow
Prusacy panują w Danzig, Władysław Szarski
Miłość poczucie winy i reparacja (twarda), Melanie Klein
Zapis Analizy Dziecka (twarda), Melanie Klein
Pisma Tom 3 Zawiść i wdzięczność (twarda), Melanie Klein
Pisma Tom 2 Psychoanaliza dzieci (twarda), Melanie Klein
Książki Magazyn do czytania 3/19 (miękka), PRACA ZBIOROWA
Domy i dwory (twarda), Łukasz Gołębiowski
Latarnie morskie Półwyspu Helskiego (miękka), Marcin Wawrzynkowski
Sekret guwernantki (miękka), Marta Grzebuła
Warszawa. Ocalić od zapomnienia (miękka), PRACA ZBIOROWA
Prawa dziecka Perspektywa publicznoprawna (miękka), Dagmara Jaroszewska-Choraś, Agnieszka Kilińska-Pękacz, Agnieszka Wedeł-Domaradzka
Bitwa pod Limanową-Łapanowem grudzień 1914 (twarda), Joseph Roth
Pracownicy w rozwojowych ścieżkach zdrowia (miękka), Piotr Kwiatkowski
Dialog 2019/06 Piosenka o moim kraju (miękka), PRACA ZBIOROWA
Wiersze, wierszyki i inna grafomania (miękka), Zbigniew Koniusz
Gdańska odyseja Wspomnienia, Nikodem Szymański
Zarys kinezjologii (miękka), Wacław Petryński
Medytacja dla zabieganych (miękka), Dorota Mrówka
Poznajemy litery ciekawostki (miękka), Ernest Błędowski
Python uczymy się programowania (miękka), ANA BELL
Moje szlaczki literki cyferki (miękka), Ernest Błędowski
Coloring Book Leonardo Da Vinci (miękka), Inge Sauer
Pięć reguł sukcesu według `Myśl i bogać się` (miękka), Napoleon Hill
Mam kocioł w pracy (miękka), Jason Fried, David Heinemeier Hansson
Elementarz 3-latka (miękka), PRACA ZBIOROWA
Elementarz 2-latka (miękka), PRACA ZBIOROWA
Elementarz 4-latka (miękka), PRACA ZBIOROWA
Ekologiczne przesłanie biblii (miękka), Bogdan Zbroja, Tomasz Jelonek, Roman Bogusław Sieroń
Gentleman numer dziewięć (miękka), Penelope Ward
Z całego serca (miękka), R. S. Grey
Sztuki walki i sporty walki (miękka), Wojciech J. Cynarski
Pan tadeusz w XXI wieku (miękka), Joanna Pawłowska
Samoorganizacja bezpieczeństwa ekonomicznego przedsiębiorstw (miękka), Kazimierz Kuciński
Wordpress 5 dla początkujących (miękka), Agnieszka Ciborowska, Jarosław Lipiński
Przygoda kina (miękka), Magdalena Podsiadło, Sebastian Jagielski
Rzeczy, które robisz we Lwowie, będąc martwym (miękka), Tomasz Nowakowski
Dwa światy. Przejście skazanych dusz (miękka), Paulina Zielińska
Życie psa na balkonie (miękka), Tomasz Górski
Doświadczenia rodzinne jako czynnik rozwoju wybitnych twórców (miękka), Grażyna Mendecka
Kulturoznawstwo polskie. Przeszłość, przestrzeń, perspektywy (miękka), PRACA ZBIOROWA
Istota bezpieczeństwa cybernetycznego w polityce państw Grupy Wyszechradzkiej (miękka), Marek Górka
Jedzie Pan Jazz (miękka), Andrzej Białkowski, Wojciech J. Burszta
By biegli byli biegli (miękka), Władysław Powszek, Artur Powszek
Napoleon i jego epoka (twarda), Roger Peyre
By biegli byli biegli (miękka), Władysław Powszek, Artur Powszek
Dopóki starczy mi sił (miękka), Karolina Klimkiewicz
Czy naprawdę... Cuda się zdarzają? (miękka), Helen Lee
Sd Kfz 10/4. Tank Power vol. XCVIII 342 (miękka), Robert Sawicki, Janusz Ledwoch
Sploty: Przepływy, architek(s)tury, hybrydy (twarda), Bogusława Bodzioch-Bryła
My Little Pony. Naklejkomania (miękka), PRACA ZBIOROWA
Shimmer and Shine, PRACA ZBIOROWA
T-34 vol. VI. Tank Power vol. LXXXVII (miękka), Maksym Kolomiets
Zarządzanie działalnością leczniczą (miękka), Małgorzata Paszkowska
Kursk. Kulisy zagłady (miękka), Ryszard Kozicki
Mgły Tangeru (miękka), Cristina López Barrio
Przeciwko bratu (miękka), Marcin Dudziński
Szczęście dla zuchwałych (miękka), Petra Hulsmann
Śmierć nadeszła wczoraj (miękka), Aleksandra Marinina
Nasz dom płonie (miękka), Bonnie Kistler
Ludzkie oblicze zwierząt (twarda), Vitus B. Droscher
Diabelska działka (miękka), J. R. Ward
Diabeł na wiosnę (miękka), Lisa Kleypas
Ustawa o usługach detektywistycznych (miękka), Paweł Łabuz, Mariusz Michalski
Skryba ze Sieny (miękka), Melodie Winawer
Zemsta trzech eks (miękka), Jo Jakeman
Prawo rodzinne i opiekuńcze (miękka), Anna Talaga, Anna Gólska
Nuselski punk (twarda), Green Scum
Rozwój pozycji prawnej Kościoła katolickiego w Argentynie (miękka), Marta Zuzanna Osuchowska
Raptularz podróżny (miękka), Jarosław Renk
Styl życia kobiet z głębszą niepełnosprawnością intelektualną (miękka), Hanna Żuraw, Leszek Ploch
Gramatyka angielska w zdaniach do tłumaczenia PONS (miękka), PRACA ZBIOROWA
Koloruję mój świat. Pojazdy (miękka), Piotr Kozera, Małgorzata Szałek
Czerwony lód (miękka), Małgorzata Radtke
Koloruję mój świat. Bajki (miękka), Mariola Budek, Małgorzata Szałek
(Nie)młodość (miękka), Natasza Socha
Pamiątka Chrztu Świętego (twarda), Anna Gensler
Elementarz 5-latka (miękka), PRACA ZBIOROWA
Rzeszowska diagnoza społeczna 2017 (miękka), Krzysztof Piróg
Koloruję mój świat. Dinozaury (miękka), Piotr Kozera, Małgorzata Szałek
Madame Zero (miękka), Sarah Hall
Nauczyciele o szansach i barierach edukacji włączającej (miękka), Iwona Chrzanowska
Logopedia Ćwiczenia i wierszyki z głoskami k g oraz l (miękka), PRACA ZBIOROWA
Koloruję mój świat. Zwierzęta (miękka), Małgorzata Szałek
Logopedia Ćwiczenia i wierszyki z głoskami sz cz dż ż/rz (miękka), PRACA ZBIOROWA
Wielka Księga Kawalerii Polskiej 1918-1939 Odznaki Kawalerii Tom 9 (twarda), PRACA ZBIOROWA
Logopedia Ćwiczenia i wierszyki z głoską r (miękka), PRACA ZBIOROWA
Logopedia Ćwiczenia i wierszyki z głoskami ś ć ź dź oraz s c z dz (miękka), PRACA ZBIOROWA
Wesoła matematyka dla dzieci 6-7 lat (miękka), PRACA ZBIOROWA
Wesoła matematyka dla dzieci 4-5 lat (miękka), PRACA ZBIOROWA
Zwierzęta na wsi Zeszyt z naklejkami (miękka), PRACA ZBIOROWA
Zwycięski Krzyż (twarda), Paweł Warchoł
Konie i kucyki Zeszyt z naklejkami (miękka), PRACA ZBIOROWA
Geniusz w rodzinie Pamięć i koncentracja (miękka), Iwona Baturo
Pojazdy rolnicze Zeszyt z naklejkami (miękka), PRACA ZBIOROWA
Dinozaury Zeszyt z naklejkami (miękka), PRACA ZBIOROWA
Psy Zeszyt z naklejkami (miękka), PRACA ZBIOROWA
Twoja Księgarnia 2/2019 (42) (miękka), Whitehouse Bonnie Smith
Ocean Indyjski 1942 (miękka), Michał A. Piegzik
100 pierwszych słów Wieś (twarda), PRACA ZBIOROWA
Mój mały świat Na Księżyc (twarda), PRACA ZBIOROWA
Nazistowskie bestie. Kaci z SS (miękka), Jesus Hernandez
Zarządzanie rozwojem współczesnych miast (twarda), Justyna Danielewicz, Dorota Sikora-Fernandez
Egzystencja, metafizyka i kultura w pisarstwie Kazimierza Świegockiego (miękka), Robert Mielhorski, Dorota Utracka
Technika opatrywania i unieruchamiania urazów u małych zwierząt (miękka), PRACA ZBIOROWA
Mój mały świat W mieście (twarda), PRACA ZBIOROWA
Ocean Indyjski 1942 (miękka), Michał A. Piegzik
Nazistowskie bestie. Kaci z SS (miękka), Jesus Hernandez
100 pierwszych słów Wieś (twarda), PRACA ZBIOROWA
Zarządzanie rozwojem współczesnych miast (twarda), Justyna Danielewicz, Dorota Sikora-Fernandez
Egzystencja, metafizyka i kultura w pisarstwie Kazimierza Świegockiego (miękka), Robert Mielhorski, Dorota Utracka
Technika opatrywania i unieruchamiania urazów u małych zwierząt (miękka), PRACA ZBIOROWA
Gringo wśród dzikich plemion (pocket), Wojciech Cejrowski
Mój mały świat Na Księżyc (twarda), PRACA ZBIOROWA
O nie, Dudusiu! (twarda), Chris Haughton
Zanim umarłam (miękka), S.K. Tremayne
Płonąca namiętność (miękka), K. Bromberg
Rodzic najlepszy pod słońcem (miękka), Edyta Zając
Romans po brytyjsku (miękka), Vi Keeland, Penelope Ward
Odwet (twarda), Vincent V. Severski
Ryszard Czajkowski Podróżnik od zawsze (miękka), Dagmara Bożek-Andryszczak
Symmachia cesarstwa rzymskiego z Bogiem chrześcijan (IV-VI wiek) (miękka), Sławomir Bralewski
HR na zakręcie (miękka), Beata Jamka
Integralność prawa administracyjnego (twarda), Jan Aleksander Zimmermann
Ochrona danych osobowych (miękka), Jacek Gołaczyński, Kinga Flaga-Gieruszyńska
Great (twarda), Tina Oziewicz
Niewyjaśnione tajemnice II wojny światowej / Ściśle tajne w II wojnie światowej (pakiet), William Breuer
Równowaga praw i obowiązków implikacją zasady dobra wspólnego (miękka), Piotr Zamelski
Aktualna problematyka ustrojowa samorządu terytorialnego w świetle orzecznictwa sądowego (miękka), Tomasz Brzezicki, Jacek Wantoch-Rekowski
Potępiona (miękka), Bartłomiej Fitas
Jeden tydzień rewolucji kulinarnych (miękka), Sandra Czeszejko-Sochacka
Bądź piękna jak Kleopatra (miękka), Sandra Czeszejko-Sochacka
Wyrywacz rogów (miękka), Edward Lee
Gabinety i ogrody (miękka), Aleksandra Jakóbczyk-Gola
Diabelskie nasienie (miękka), Edward Lee
Oblicza Niepodległej (miękka), PRACA ZBIOROWA
Zimna fala (miękka), Jarosław Klonowski
Ocean Indyjski 1942 (miękka), Michał A. Piegzik
Egzystencja, metafizyka i kultura w pisarstwie Kazimierza Świegockiego (miękka), Robert Mielhorski, Dorota Utracka
100 pierwszych słów Wieś (twarda), PRACA ZBIOROWA
Technika opatrywania i unieruchamiania urazów u małych zwierząt (miękka), PRACA ZBIOROWA
